Q,clip,W,D,snr_db,ber,n_errors,n_bits,ci_low,ci_high
3,1.5,8,24,4.0,0.00010532140731811523,3534,33554432,9.787996996907854e-05,0.00011276284466715193
3,1.5,8,24,4.5,1.9282102584838867e-05,647,33554432,1.6199873059857115e-05,2.236433210982062e-05
3,1.5,8,24,5.0,3.084540367126465e-06,414,134217728,2.528334576564559e-06,3.6407461576883707e-06
3,1.5,8,24,5.5,3.0795733133951825e-07,62,201326592,1.7662598415171104e-07,4.392886785273254e-07
3,1.5,8,32,4.0,4.598498344421387e-05,1543,33554432,4.068178194530525e-05,5.128818494312248e-05
3,1.5,8,32,4.5,7.852911949157715e-06,527,67108864,6.385372661778909e-06,9.32045123653652e-06
3,1.5,8,32,5.0,1.2814998626708984e-06,258,201326592,9.428990844105592e-07,1.6201006409312377e-06
3,1.5,8,32,5.5,9.934107462565105e-08,20,201326592,1.1183918387391574e-08,1.8749823086391052e-07
3,1.5,8,48,4.0,3.921985626220703e-05,1316,33554432,3.423751212545918e-05,4.4202200398954885e-05
3,1.5,8,48,4.5,7.614493370056152e-06,511,67108864,6.109574676362221e-06,9.119412063750084e-06
3,1.5,8,48,5.0,1.0083119074503581e-06,203,201326592,7.203679043333271e-07,1.2962559105673892e-06
3,1.5,8,48,5.5,1.9371509552001953e-07,39,201326592,7.018905027191763e-08,3.172411407681214e-07
3,1.5,8,64,4.0,4.178285598754883e-05,1402,33554432,3.634318284151442e-05,4.722252913358324e-05
3,1.5,8,64,4.5,6.064772605895996e-06,407,67108864,4.805680343421303e-06,7.323864868370689e-06
3,1.5,8,64,5.0,1.3311703999837239e-06,268,201326592,9.829140568786634e-07,1.6794267430887844e-06
3,1.5,8,64,5.5,2.483526865641276e-07,50,201326592,1.1136716007671031e-07,3.8533821305154493e-07
3,2.0,8,24,4.0,8.988380432128906e-05,3016,33554432,8.289456705515236e-05,9.687304158742577e-05
3,2.0,8,24,4.5,1.7344951629638672e-05,582,33554432,1.4609067134586935e-05,2.0080836124690407e-05
3,2.0,8,24,5.0,2.5272369384765624e-06,424,167772160,2.0770566197874178e-06,2.977417257165707e-06
3,2.0,8,24,5.5,2.7815500895182293e-07,56,201326592,1.3911040532198654e-07,4.171996125816593e-07
3,2.0,8,32,4.0,3.49581241607666e-05,1173,33554432,3.0501438755578637e-05,3.941480956595457e-05
3,2.0,8,32,4.5,6.124377250671387e-06,411,67108864,4.841143777765698e-06,7.407610723577075e-06
3,2.0,8,32,5.0,9.685754776000977e-07,195,201326592,6.731552391305959e-07,1.2639957160695994e-06
3,2.0,8,32,5.5,1.44044558207194e-07,29,201326592,2.520995127134038e-08,2.6287916514304764e-07
3,2.0,8,48,4.0,3.108382225036621e-05,1043,33554432,2.6608497930054515e-05,3.555914657067791e-05
3,2.0,8,48,4.5,6.67572021484375e-06,448,67108864,5.263823114440185e-06,8.087617315247315e-06
3,2.0,8,48,5.0,8.891026178995768e-07,179,201326592,6.129113084968575e-07,1.165293927302296e-06
3,2.0,8,48,5.5,8.443991343180339e-08,17,201326592,9.66143404409972e-09,1.5921839281950706e-07
3,2.0,8,64,4.0,2.619624137878418e-05,879,33554432,2.2062723179477033e-05,3.0329759578091326e-05
3,2.0,8,64,4.5,5.712111790974935e-06,575,100663296,4.676367675791157e-06,6.747855906158712e-06
3,2.0,8,64,5.0,1.1324882507324219e-06,228,201326592,8.182675549936645e-07,1.4467089464711791e-06
3,2.0,8,64,5.5,9.437402089436849e-08,19,201326592,0.0,2.0580055908782227e-07
3,2.5,8,24,4.0,9.581446647644043e-05,3215,33554432,8.878502964925905e-05,0.00010284390330362181
3,2.5,8,24,4.5,1.7344951629638672e-05,582,33554432,1.471461888782631e-05,1.9975284371451033e-05
3,2.5,8,24,5.0,2.5093555450439454e-06,421,167772160,2.0691361580012887e-06,2.949574932086602e-06
3,2.5,8,24,5.5,3.228584925333659e-07,65,201326592,1.9781251583906254e-07,4.4790446922766927e-07
3,2.5,8,32,4.0,4.988908767700195e-05,1674,33554432,4.4289166228690774e-05,5.548900912531313e-05
3,2.5,8,32,4.5,7.927417755126953e-06,532,67108864,6.391455399961028e-06,9.463380110292879e-06
3,2.5,8,32,5.0,1.2814998626708984e-06,258,201326592,9.516905393093763e-07,1.6113091860324206e-06
3,2.5,8,32,5.5,1.3907750447591147e-07,28,201326592,3.6049019463925765e-08,2.4210598948789717e-07
3,2.5,8,48,4.0,3.364682197570801e-05,1129,33554432,2.9168334847850798e-05,3.812530910356522e-05
3,2.5,8,48,4.5,6.020069122314453e-06,404,67108864,4.739801483735189e-06,7.300336760893717e-06
3,2.5,8,48,5.0,7.450580596923828e-07,150,201326592,4.968736611660447e-07,9.93242458218721e-07
3,2.5,8,48,5.5,2.1855036417643228e-07,44,201326592,8.225748696416808e-08,3.5484324138869646e-07
3,2.5,8,64,4.0,4.0411949157714844e-05,1356,33554432,3.534447396827266e-05,4.5479424347157025e-05
3,2.5,8,64,4.5,6.0300032297770185e-06,607,100663296,4.920116068616881e-06,7.139890390937156e-06
3,2.5,8,64,5.0,8.692344029744466e-07,175,201326592,6.074894030650544e-07,1.130979402883839e-06
3,2.5,8,64,5.5,1.5397866566975912e-07,31,201326592,4.4267826556880554e-08,2.636895047826377e-07
3,3.0,8,24,4.0,0.00012055039405822754,4045,33554432,0.00011284830509875441,0.00012825248301770068
3,3.0,8,24,4.5,2.5480985641479492e-05,855,33554432,2.202387154537372e-05,2.8938099737585266e-05
3,3.0,8,24,5.0,3.3229589462280273e-06,446,134217728,2.7675608065689367e-06,3.878357085887118e-06
3,3.0,8,24,5.5,3.973642985026042e-07,80,201326592,2.497293364850151e-07,5.449992605201933e-07
3,3.0,8,32,4.0,5.8531761169433594e-05,1964,33554432,5.235917510039833e-05,6.470434723846886e-05
3,3.0,8,32,4.5,8.940696716308594e-06,600,67108864,7.4280067848992745e-06,1.0453386647717913e-05
3,3.0,8,32,5.0,1.1722246805826824e-06,236,201326592,8.550048263087936e-07,1.489444534856571e-06
3,3.0,8,32,5.5,2.483526865641276e-07,50,201326592,1.007113573696976e-07,3.9599401575855765e-07
3,3.0,8,48,4.0,4.380941390991211e-05,1470,33554432,3.864715430824445e-05,4.897167351157977e-05
3,3.0,8,48,4.5,9.164214134216309e-06,615,67108864,7.5034891737234845e-06,1.0824939094709133e-05
3,3.0,8,48,5.0,1.296401023864746e-06,261,201326592,9.41804241501869e-07,1.6509978062276232e-06
3,3.0,8,48,5.5,1.341104507446289e-07,27,201326592,4.330615274495793e-08,2.2491474874429988e-07
3,3.0,8,64,4.0,4.190206527709961e-05,1406,33554432,3.6817185362259914e-05,4.6986945191939304e-05
3,3.0,8,64,4.5,8.83638858795166e-06,593,67108864,7.322817121421036e-06,1.0349960054482285e-05
3,3.0,8,64,5.0,1.5596548716227214e-06,314,201326592,1.1819120678225307e-06,1.937397675422912e-06
3,3.0,8,64,5.5,3.228584925333659e-07,65,201326592,1.4467621433273296e-07,5.010407707339989e-07
4,1.5,10,24,4.0,8.109211921691895e-05,2721,33554432,7.469456629837351e-05,8.748967213546438e-05
4,1.5,10,24,4.5,1.621246337890625e-05,544,33554432,1.3595587574152601e-05,1.8829339183659897e-05
4,1.5,10,24,5.0,2.205371856689453e-06,444,201326592,1.8446347001189187e-06,2.5661090132599877e-06
4,1.5,10,24,5.5,2.8312206268310547e-07,57,201326592,1.6349739568182907e-07,4.0274672968438184e-07
4,1.5,10,32,4.0,3.859400749206543e-05,1295,33554432,3.3709644125402246e-05,4.3478370858728614e-05
4,1.5,10,32,4.5,6.397565205891927e-06,644,100663296,5.310363955747788e-06,7.484766456036066e-06
4,1.5,10,32,5.0,9.834766387939453e-07,198,201326592,6.840738605196282e-07,1.2828794170682624e-06
4,1.5,10,32,5.5,1.7384688059488931e-07,35,201326592,2.3973501893529037e-08,3.237202592962496e-07
4,1.5,10,48,4.0,3.471970558166504e-05,1165,33554432,3.0080493601580335e-05,3.9358917561749743e-05
4,1.5,10,48,4.5,6.631016731262207e-06,445,67108864,5.260494695642047e-06,8.001538766882367e-06
4,1.5,10,48,5.0,9.685754776000977e-07,195,201326592,6.94110607723225e-07,1.2430403474769703e-06
4,1.5,10,48,5.5,1.241763432820638e-07,25,201326592,2.068854515477711e-08,2.276641414093505e-07
4,1.5,10,64,4.0,3.3348798751831055e-05,1119,33554432,2.8560753504832962e-05,3.813684399882915e-05
4,1.5,10,64,4.5,5.8909257253011065e-06,593,100663296,4.8508374500090475e-06,6.9310140005931655e-06
4,1.5,10,64,5.0,9.735425313313801e-07,196,201326592,6.924248391759442e-07,1.254660223486816e-06
4,1.5,10,64,5.5,2.9802322387695312e-08,6,201326592,0.0,7.334037938945441e-08
4,2.0,8,32,2.0,0.010725468397140503,359887,33554432,0.010614949801442095,0.01083598699283891
4,2.0,8,32,3.0,0.0014593005180358887,48966,33554432,0.0014265202726673626,0.0014920807634044148
4,2.0,8,32,4.0,0.00041091442108154297,13788,33554432,0.0003957012977408931,0.0004261275444221928
4,2.0,8,32,5.0,0.00229761004447937,77095,33554432,0.0022623338603891857,0.0023328862285695545
4,2.0,8,32,6.0,0.0175609290599823,589247,33554432,0.017479722296274133,0.017642135823690466
4,2.0,8,32,7.0,0.051189959049224854,1717650,33554432,0.05109494717420233,0.05128497092424738
4,2.0,10,24,4.0,6.0558319091796875e-05,2032,33554432,5.519636201931104e-05,6.592027616428272e-05
4,2.0,10,24,4.5,1.1712312698364258e-05,786,67108864,1.0037943789542038e-05,1.3386681607186478e-05
4,2.0,10,24,5.0,1.9222497940063477e-06,387,201326592,1.5479425350173753e-06,2.2965570529953203e-06
4,2.0,10,24,5.5,1.44044558207194e-07,29,201326592,6.317834302779447e-08,2.2491077338659353e-07
4,2.0,10,32,4.0,2.98917293548584e-05,1003,33554432,2.5429959659518237e-05,3.435349905019856e-05
4,2.0,10,32,4.5,4.967053731282552e-06,500,100663296,4.010109172318711e-06,5.9239982902463925e-06
4,2.0,10,32,5.0,8.443991343180338e-07,170,201326592,5.795925646345403e-07,1.1092057040015275e-06
4,2.0,10,32,5.5,7.947285970052083e-08,16,201326592,3.8246961051374404e-10,1.585632497905279e-07
4,2.0,10,48,4.0,2.1010637283325195e-05,705,33554432,1.75098089568727e-05,2.4511465609777692e-05
4,2.0,10,48,4.5,3.4347176551818848e-06,461,134217728,2.6910467239938614e-06,4.178388586369908e-06
4,2.0,10,48,5.0,7.599592208862305e-07,153,201326592,5.089278636995317e-07,1.0109905780729292e-06
4,2.0,10,48,5.5,1.1920928955078125e-07,24,201326592,1.1679019972285083e-08,2.2673955912927742e-07
4,2.0,10,64,4.0,2.5212764739990234e-05,846,33554432,2.1041145850009554e-05,2.9384383629970915e-05
4,2.0,10,64,4.5,4.8478444417317706e-06,488,100663296,3.887711899469198e-06,5.807976983994343e-06
4,2.0,10,64,5.0,7.549921671549479e-07,152,201326592,5.037718090811825e-07,1.0062125252287133e-06
4,2.0,10,64,5.5,6.953875223795573e-08,14,201326592,0.0,1.5328569626373509e-07
4,2.5,10,24,4.0,6.282329559326172e-05,2108,33554432,5.711477774605318e-05,6.853181344047027e-05
4,2.5,10,24,4.5,1.0609626770019531e-05,712,67108864,9.084089770092972e-06,1.213516376994609e-05
4,2.5,10,24,5.0,1.6391277313232422e-06,330,201326592,1.284425040774506e-06,1.9938304218719785e-06
4,2.5,10,24,5.5,2.384185791015625e-07,48,201326592,1.0422879913263886e-07,3.7260835907048614e-07
4,2.5,10,32,4.0,2.3871660232543945e-05,801,33554432,2.0356442357248067e-05,2.7386878107839824e-05
4,2.5,10,32,4.5,4.649162292480469e-06,468,100663296,3.7223426398793135e-06,5.575981945081624e-06
4,2.5,10,32,5.0,5.414088567097982e-07,109,201326592,3.3697841311331496e-07,7.458393003062815e-07
4,2.5,10,32,5.5,7.947285970052083e-08,16,201326592,1.5900514025045932e-09,1.5735566799853705e-07
4,2.5,10,48,4.0,2.1457672119140625e-05,720,33554432,1.7702737271332568e-05,2.5212606966948682e-05
4,2.5,10,48,4.5,3.769993782043457e-06,506,134217728,3.008938063357248e-06,4.531049500729666e-06
4,2.5,10,48,5.0,5.116065343221029e-07,103,201326592,2.919764119478576e-07,7.312366566963482e-07
4,2.5,10,48,5.5,3.9736429850260414e-08,8,201326592,0.0,8.937736898436749e-08
4,2.5,10,64,4.0,1.817941665649414e-05,610,33554432,1.4877819597997494e-05,2.1481013714990786e-05
4,2.5,10,64,4.5,3.7997961044311523e-06,510,134217728,3.0641058750723877e-06,4.535486333789917e-06
4,2.5,10,64,5.0,4.7187010447184247e-07,95,201326592,2.803626171353648e-07,6.633775918083202e-07
4,2.5,10,64,5.5,2.9802322387695312e-08,6,201326592,0.0,7.944339747778846e-08
4,3.0,10,24,4.0,5.754828453063965e-05,1931,33554432,5.247767220945727e-05,6.261889685182202e-05
4,3.0,10,24,4.5,9.462237358093262e-06,635,67108864,8.103947605126996e-06,1.0820527111059528e-05
4,3.0,10,24,5.0,1.7036994298299153e-06,343,201326592,1.3518195891251706e-06,2.0555792705346597e-06
4,3.0,10,24,5.5,2.1855036417643228e-07,44,201326592,1.0841055671399331e-07,3.2869017163887126e-07
4,3.0,10,32,4.0,2.9772520065307617e-05,999,33554432,2.5443400742832026e-05,3.410163938778321e-05
4,3.0,10,32,4.5,4.351139068603516e-06,438,100663296,3.463971050055673e-06,5.238307087151358e-06
4,3.0,10,32,5.0,6.755193074544271e-07,136,201326592,4.4067370989577837e-07,9.103649050130759e-07
4,3.0,10,32,5.5,1.142422358194987e-07,23,201326592,1.7377046991885314e-08,2.111074246471121e-07
4,3.0,10,48,4.0,2.3990869522094727e-05,805,33554432,2.004754075253543e-05,2.7934198291654022e-05
4,3.0,10,48,4.5,4.450480143229167e-06,448,100663296,3.538882316366872e-06,5.362077970091462e-06
4,3.0,10,48,5.0,4.967053731282552e-07,100,201326592,2.8431427720397685e-07,7.090964690525336e-07
4,3.0,10,48,5.5,2.0364920298258463e-07,41,201326592,4.6974547861561475e-08,3.603238581036078e-07
4,3.0,10,64,4.0,2.473592758178711e-05,830,33554432,2.0791840632442872e-05,2.8680014531131347e-05
4,3.0,10,64,4.5,3.732740879058838e-06,501,134217728,3.0112359581980506e-06,4.454245799919625e-06
4,3.0,10,64,5.0,5.414088567097982e-07,109,201326592,3.3559223882468485e-07,7.472254745949116e-07
4,3.0,10,64,5.5,8.940696716308594e-08,18,201326592,9.127362032176137e-09,1.6968657229399575e-07
5,1.5,10,24,4.0,8.022785186767578e-05,2692,33554432,7.388821871214195e-05,8.656748502320961e-05
5,1.5,10,24,4.5,1.3768672943115234e-05,924,67108864,1.2125571179051242e-05,1.5411774707179225e-05
5,1.5,10,24,5.0,2.3593505223592124e-06,475,201326592,1.946786497775231e-06,2.7719145469431938e-06
5,1.5,10,24,5.5,2.384185791015625e-07,48,201326592,1.1760941770873974e-07,3.5922774049438526e-07
5,1.5,10,32,4.0,3.9577484130859375e-05,1328,33554432,3.466652186157916e-05,4.448844640013959e-05
5,1.5,10,32,4.5,6.571412086486816e-06,441,67108864,5.2052369494704114e-06,7.93758722350322e-06
5,1.5,10,32,5.0,1.1175870895385742e-06,225,201326592,8.25078933381047e-07,1.4100952456961015e-06
5,1.5,10,32,5.5,4.967053731282552e-08,10,201326592,0.0,1.0968348042336426e-07
5,1.5,10,48,4.0,3.635883331298828e-05,1220,33554432,3.137599964356972e-05,4.134166698240684e-05
5,1.5,10,48,4.5,5.4140885670979815e-06,545,100663296,4.406482723736281e-06,6.421694410459682e-06
5,1.5,10,48,5.0,8.294979731241862e-07,167,201326592,5.564089415576045e-07,1.1025870046907678e-06
5,1.5,10,48,5.5,7.947285970052083e-08,16,201326592,6.620269330858916e-09,1.5232545007018274e-07
5,1.5,10,64,4.0,3.185868263244629e-05,1069,33554432,2.7485810878519873e-05,3.6231554386372705e-05
5,1.5,10,64,4.5,5.910793940226237e-06,595,100663296,4.8573096354912016e-06,6.964278244961273e-06
5,1.5,10,64,5.0,8.99036725362142e-07,181,201326592,6.252587378154072e-07,1.1728147129088768e-06
5,1.5,10,64,5.5,1.8874804178873697e-07,38,201326592,6.331831678464399e-08,3.1417776679282995e-07
5,2.0,8,32,2.0,0.3425741195678711,11494880,33554432,0.3421749104086403,0.3429733287271019
5,2.0,8,32,3.0,0.41346701979637146,13873651,33554432,0.41309984086019497,0.41383419873254795
5,2.0,8,32,4.0,0.48701485991477966,16341507,33554432,0.4866984887763272,0.4873312310532321
5,2.0,8,32,5.0,0.5444441735744476,18268515,33554432,0.5441822501301887,0.5447060970187065
5,2.0,8,32,6.0,0.5847087204456329,19619569,33554432,0.5844821837044268,0.584935257186839
5,2.0,8,32,7.0,0.6124613881111145,20550794,33554432,0.6122564472091414,0.6126663290130876
5,2.0,10,24,4.0,5.751848220825195e-05,1930,33554432,5.215196664211567e-05,6.288499777438823e-05
5,2.0,10,24,4.5,1.0207295417785645e-05,685,67108864,8.755218263913098e-06,1.1659372571658191e-05
5,2.0,10,24,5.0,1.629193623860677e-06,328,201326592,1.2790620093322255e-06,1.9793252383891287e-06
5,2.0,10,24,5.5,1.5894571940104166e-07,32,201326592,7.187204136000075e-08,2.4601939744208255e-07
5,2.0,10,32,4.0,2.4765729904174805e-05,831,33554432,2.0859479327990817e-05,2.8671980480358793e-05
5,2.0,10,32,4.5,3.7550926208496094e-06,504,134217728,3.0691990955600336e-06,4.440986146139185e-06
5,2.0,10,32,5.0,5.662441253662109e-07,114,201326592,3.5341064275641004e-07,7.790776079760118e-07
5,2.0,10,32,5.5,1.1920928955078125e-07,24,201326592,0.0,2.3923482232895e-07
5,2.0,10,48,4.0,2.1785497665405273e-05,731,33554432,1.811116087050711e-05,2.5459834460303436e-05
5,2.0,10,48,4.5,4.380941390991211e-06,441,100663296,3.463733246534821e-06,5.298149535447601e-06
5,2.0,10,48,5.0,4.271666208902995e-07,86,201326592,2.4245909445834103e-07,6.11874147322258e-07
5,2.0,10,48,5.5,5.463759104410807e-08,11,201326592,0.0,1.3781696229004694e-07
5,2.0,10,64,4.0,1.9669532775878906e-05,660,33554432,1.6212410953877275e-05,2.3126654597880538e-05
5,2.0,10,64,4.5,3.7997961044311523e-06,510,134217728,3.0603471890363175e-06,4.539245019825987e-06
5,2.0,10,64,5.0,7.152557373046875e-07,144,201326592,4.625285291150493e-07,9.679829454943256e-07
5,2.0,10,64,5.5,7.947285970052083e-08,16,201326592,6.620269330858916e-09,1.5232545007018274e-07
5,2.5,10,24,4.0,5.266070365905762e-05,1767,33554432,4.7635885936989894e-05,5.768552138112534e-05
5,2.5,10,24,4.5,9.47713851928711e-06,636,67108864,8.058343479482822e-06,1.0895933559091397e-05
5,2.5,10,24,5.0,1.3709068298339844e-06,276,201326592,1.050137038786364e-06,1.6916766208816047e-06
5,2.5,10,24,5.5,9.437402089436849e-08,19,201326592,2.3500102265416614e-08,1.6524793952332037e-07
5,2.5,10,32,4.0,2.3573637008666992e-05,791,33554432,1.9869144250069113e-05,2.727812976726487e-05
5,2.5,10,32,4.5,3.6731362342834473e-06,493,134217728,3.0127318161319853e-06,4.33354065243491e-06
5,2.5,10,32,5.0,4.818042119344076e-07,97,201326592,3.004653769689179e-07,6.631430468998973e-07
5,2.5,10,32,5.5,7.450580596923828e-08,15,201326592,0.0,1.5177784350210203e-07
5,2.5,10,48,4.0,1.811981201171875e-05,608,33554432,1.4843073611940221e-05,2.1396550411497277e-05
5,2.5,10,48,4.5,3.56137752532959e-06,478,134217728,2.8612984091870843e-06,4.261456641472095e-06
5,2.5,10,48,5.0,6.109476089477539e-07,123,201326592,3.703178757886334e-07,8.515773421068744e-07
5,2.5,10,48,5.5,4.470348358154297e-08,9,201326592,0.0,1.0062903730812913e-07
5,2.5,10,64,4.0,1.9729137420654297e-05,662,33554432,1.6093105454118246e-05,2.3365169387190347e-05
5,2.5,10,64,4.5,3.1068921089172363e-06,417,134217728,2.4195060648952285e-06,3.794278152939244e-06
5,2.5,10,64,5.0,5.563100179036459e-07,112,201326592,3.1041787221338195e-07,8.022021635939098e-07
5,2.5,10,64,5.5,9.934107462565105e-08,20,201326592,1.336102901267759e-08,1.853211202386245e-07
5,3.0,10,24,4.0,5.7250261306762695e-05,1921,33554432,5.19316273957602e-05,6.256889521776518e-05
5,3.0,10,24,4.5,1.2218952178955078e-05,410,33554432,9.867225217974753e-06,1.4570679139935403e-05
5,3.0,10,24,5.0,1.519918441772461e-06,306,201326592,1.2054281805699959e-06,1.834408702974926e-06
5,3.0,10,24,5.5,1.5397866566975912e-07,31,201326592,5.614097084715706e-08,2.518163604923612e-07
5,3.0,10,32,4.0,2.4706125259399414e-05,829,33554432,2.0898022537789088e-05,2.851422798100974e-05
5,3.0,10,32,4.5,4.28160031636556e-06,431,100663296,3.3768587306910186e-06,5.186341902040101e-06
5,3.0,10,32,5.0,7.847944895426432e-07,158,201326592,5.125719073075613e-07,1.057017071777725e-06
5,3.0,10,32,5.5,3.9736429850260414e-08,8,201326592,0.0,8.104007294987492e-08
5,3.0,10,48,4.0,1.9341707229614258e-05,649,33554432,1.590366744278253e-05,2.2779747016445985e-05
5,3.0,10,48,4.5,3.553926944732666e-06,477,134217728,2.818635610242742e-06,4.2892182792225895e-06
5,3.0,10,48,5.0,7.351239522298177e-07,148,201326592,4.660503793361961e-07,1.0041975251234395e-06
5,3.0,10,48,5.5,5.463759104410807e-08,11,201326592,0.0,1.1056297237307875e-07
5,3.0,10,64,4.0,1.8298625946044922e-05,614,33554432,1.4712737473763959e-05,2.1884514418325885e-05
5,3.0,10,64,4.5,3.419816493988037e-06,459,134217728,2.7128963208631606e-06,4.126736667112914e-06
5,3.0,10,64,5.0,6.755193074544271e-07,136,201326592,4.153976414553425e-07,9.356409734535117e-07
5,3.0,10,64,5.5,7.450580596923828e-08,15,201326592,0.0,1.4928449164953365e-07
6,1.5,12,24,4.0,8.100271224975586e-05,2718,33554432,7.439177854821057e-05,8.761364595130115e-05
6,1.5,12,24,4.5,1.475214958190918e-05,495,33554432,1.2221072486649382e-05,1.728322667716898e-05
6,1.5,12,24,5.0,2.5153160095214845e-06,422,167772160,2.0573195175563996e-06,2.9733125014865695e-06
6,1.5,12,24,5.5,3.2782554626464844e-07,66,201326592,2.0623844890957736e-07,4.494126436197195e-07
6,1.5,12,32,4.0,3.987550735473633e-05,1338,33554432,3.479207226994099e-05,4.495894243953167e-05
6,1.5,12,32,4.5,6.42240047454834e-06,431,67108864,5.116845310429134e-06,7.727955638667545e-06
6,1.5,12,32,5.0,1.1225541432698567e-06,226,201326592,8.153485933554696e-07,1.4297596931842437e-06
6,1.5,12,32,5.5,7.450580596923828e-08,15,201326592,0.0,1.5177784350210203e-07
6,1.5,12,48,4.0,2.7120113372802734e-05,910,33554432,2.304759095290934e-05,3.119263579269613e-05
6,1.5,12,48,4.5,5.563100179036458e-06,560,100663296,4.48411966958572e-06,6.642080688487196e-06
6,1.5,12,48,5.0,9.934107462565105e-07,200,201326592,7.08609884283103e-07,1.2782116082299178e-06
6,1.5,12,48,5.5,1.043081283569336e-07,21,201326592,9.4198188744837e-09,1.9919643783938347e-07
6,1.5,12,64,4.0,3.281235694885254e-05,1101,33554432,2.816490522936998e-05,3.74598086683351e-05
6,1.5,12,64,4.5,6.22868537902832e-06,418,67108864,4.937859262159767e-06,7.519511495896874e-06
6,1.5,12,64,5.0,7.152557373046875e-07,144,201326592,4.780032921936395e-07,9.525081824157355e-07
6,1.5,12,64,5.5,2.1358331044514975e-07,43,201326592,8.045638068995489e-08,3.467102402003446e-07
6,2.0,8,32,2.0,0.5002380013465881,16785202,33554432,0.5000688473945233,0.500407155298653
6,2.0,8,32,3.0,0.5001697838306427,16782913,33554432,0.5000001009871051,0.5003394666741803
6,2.0,8,32,4.0,0.5000564754009247,16779111,33554432,0.49988705460856975,0.5002258961932796
6,2.0,8,32,5.0,0.5001872181892395,16783498,33554432,0.5000178851265852,0.5003565512518938
6,2.0,8,32,6.0,0.5002462863922119,16785480,33554432,0.5000778431299288,0.5004147296544951
6,2.0,8,32,7.0,0.5000532269477844,16779002,33554432,0.4998833200369952,0.5002231338585736
6,2.0,10,32,2.0,0.010159283876419067,340889,33554432,0.01005144350999593,0.010267124242842205
6,2.0,10,32,3.0,0.0014178752899169922,47576,33554432,0.0013858920119825028,0.0014498585678514816
6,2.0,10,32,4.0,0.0015027225017547607,50423,33554432,0.0014723261360821932,0.0015331188674273283
6,2.0,10,32,5.0,0.011170655488967896,374825,33554432,0.011099119765024187,0.011242191212911604
6,2.0,10,32,6.0,0.041172534227371216,1381521,33554432,0.04107369676465124,0.041271371690091194
6,2.0,10,32,7.0,0.07178136706352234,2408583,33554432,0.07168629801476077,0.0718764361122839
6,2.0,12,24,4.0,5.480647087097168e-05,1839,33554432,4.979863219574484e-05,5.981430954619852e-05
6,2.0,12,24,4.5,1.0311603546142578e-05,692,67108864,8.763192672545198e-06,1.1860014419739959e-05
6,2.0,12,24,5.0,1.5695889790852864e-06,316,201326592,1.2400915091453303e-06,1.8990864490252425e-06
6,2.0,12,24,5.5,2.284844716389974e-07,46,201326592,1.2454321620266798e-07,3.3242572707532683e-07
6,2.0,12,32,4.0,2.79843807220459e-05,939,33554432,2.3887065105765055e-05,3.208169633832674e-05
6,2.0,12,32,4.5,4.450480143229167e-06,448,100663296,3.565042409262571e-06,5.335917877195762e-06
6,2.0,12,32,5.0,5.364418029785156e-07,108,201326592,3.369385395257826e-07,7.359450664312486e-07
6,2.0,12,32,5.5,1.6887982686360678e-07,34,201326592,4.806837503147682e-08,2.8969127869573674e-07
6,2.0,12,48,4.0,1.8149614334106445e-05,609,33554432,1.4792146198901096e-05,2.1507082469311795e-05
6,2.0,12,48,4.5,4.038214683532715e-06,542,134217728,3.2879232897669176e-06,4.788506077298512e-06
6,2.0,12,48,5.0,5.31474749247233e-07,107,201326592,3.298447250285077e-07,7.331047734659584e-07
6,2.0,12,48,5.5,9.934107462565105e-08,20,201326592,1.0188291363602665e-09,1.9766332011494183e-07
6,2.0,12,64,4.0,1.817941665649414e-05,610,33554432,1.4887134045534631e-05,2.1471699267453652e-05
6,2.0,12,64,4.5,3.643333911895752e-06,489,134217728,2.929541568354985e-06,4.3571262554365195e-06
6,2.0,12,64,5.0,8.742014567057291e-07,176,201326592,5.981808527520478e-07,1.1502220606594105e-06
6,2.0,12,64,5.5,5.960464477539063e-08,12,201326592,0.0,1.311448148849339e-07
6,2.5,12,24,4.0,4.985928535461426e-05,1673,33554432,4.51514432305783e-05,5.4567127478650216e-05
6,2.5,12,24,4.5,8.225440979003906e-06,552,67108864,6.837793968092683e-06,9.61308798991513e-06
6,2.5,12,24,5.0,1.062949498494466e-06,214,201326592,8.136445862330284e-07,1.3122544107559038e-06
6,2.5,12,24,5.5,1.241763432820638e-07,25,201326592,5.0677356707257706e-08,1.9767532985686992e-07
6,2.5,12,32,4.0,2.3871660232543945e-05,801,33554432,2.018215881927371e-05,2.7561161645814182e-05
6,2.5,12,32,4.5,4.410743713378906e-06,444,100663296,3.502054158079194e-06,5.3194332686786185e-06
6,2.5,12,32,5.0,6.20881716410319e-07,125,201326592,3.982567438216443e-07,8.435066889989936e-07
6,2.5,12,32,5.5,5.463759104410807e-08,11,201326592,2.211144241154805e-09,1.0706403784706134e-07
6,2.5,12,48,4.0,1.811981201171875e-05,608,33554432,1.4927465901872383e-05,2.131215812156512e-05
6,2.5,12,48,4.5,3.300607204437256e-06,443,134217728,2.6064556808987232e-06,3.994758727975789e-06
6,2.5,12,48,5.0,5.016724268595377e-07,101,201326592,3.0288127908465253e-07,7.004635746344229e-07
6,2.5,12,48,5.5,2.9802322387695312e-08,6,201326592,0.0,7.110612888642468e-08
6,2.5,12,64,4.0,1.683831214904785e-05,565,33554432,1.3573811652390169e-05,2.0102812645705534e-05
6,2.5,12,64,4.5,4.3710072835286456e-06,440,100663296,3.435584561283174e-06,5.306430005774117e-06
6,2.5,12,64,5.0,4.917383193969727e-07,99,201326592,2.8638027857836617e-07,6.970963602155792e-07
6,2.5,12,64,5.5,5.463759104410807e-08,11,201326592,0.0,1.1697441949733122e-07
6,3.0,12,24,4.0,5.3375959396362305e-05,1791,33554432,4.82919392865756e-05,5.845997950614901e-05
6,3.0,12,24,4.5,8.419156074523926e-06,565,67108864,7.107095274262158e-06,9.731216874785693e-06
6,3.0,12,24,5.0,1.3063351313273113e-06,263,201326592,1.0264264340689817e-06,1.5862438285856408e-06
6,3.0,12,24,5.5,1.4901161193847656e-07,30,201326592,4.598339830917535e-08,2.5203982556777775e-07
6,3.0,12,32,4.0,1.850724220275879e-05,621,33554432,1.5346847558051935e-05,2.1667636847465643e-05
6,3.0,12,32,4.5,3.777444362640381e-06,507,134217728,3.079075901243307e-06,4.4758128240374544e-06
6,3.0,12,32,5.0,4.569689432779948e-07,92,201326592,2.7175038739026636e-07,6.421874991657233e-07
6,3.0,12,32,5.5,5.960464477539063e-08,12,201326592,0.0,1.2844416821138267e-07
6,3.0,12,48,4.0,1.862645149230957e-05,625,33554432,1.5137706911700883e-05,2.2115196072918258e-05
6,3.0,12,48,4.5,3.17692756652832e-06,533,167772160,2.5504918379467854e-06,3.803363295109855e-06
6,3.0,12,48,5.0,8.443991343180338e-07,170,201326592,5.108476387678035e-07,1.1779506298682642e-06
6,3.0,12,48,5.5,6.953875223795573e-08,14,201326592,0.0,1.397414081379543e-07
6,3.0,12,64,4.0,1.6629695892333984e-05,558,33554432,1.3281989954810633e-05,1.9977401829857334e-05
6,3.0,12,64,4.5,3.129243850708008e-06,420,134217728,2.5064807001383674e-06,3.752007001277648e-06
6,3.0,12,64,5.0,5.364418029785156e-07,108,201326592,3.140255065551378e-07,7.588580994018934e-07
6,3.0,12,64,5.5,6.953875223795573e-08,14,201326592,0.0,1.4368109387905473e-07
