tag,snr_db,frames,n_cycles,signal,n_nets,tc_per_cycle,duty,desc
Q3_W8_D32,3.0,3,3209.6,in_r,6,0.481784,0.496386,通道軟值 r（解碼器的輸入）
Q3_W8_D32,3.0,3,3209.6,bm,16,0.477922,0.486118,分支度量 bm[4]
Q3_W8_D32,3.0,3,3209.6,pm,512,0.320817,0.498604,路徑度量 pm[64]（累加器）
Q3_W8_D32,3.0,3,3209.6,surv,64,0.480351,0.462874,倖存者決策（暫存後）
Q3_W8_D32,3.0,3,3209.6,surv_comb,64,0.48056,0.464105,倖存者決策（組合，含 glitch）
Q3_W8_D32,3.0,3,3209.6,re,2048,0.38606,0.494692,register-exchange 暫存器
Q3_W8_D32,3.0,3,3209.6,best,6,0.483653,0.481316,min-PM 的 argmin 輸出
Q4_W10_D64,1.0,3,3305.6,in_r,8,0.465006,0.497183,通道軟值 r（解碼器的輸入）
Q4_W10_D64,1.0,3,3305.6,bm,20,0.466738,0.494352,分支度量 bm[4]
Q4_W10_D64,1.0,3,3305.6,pm,640,0.296901,0.495998,路徑度量 pm[64]（累加器）
Q4_W10_D64,1.0,3,3305.6,surv,64,0.466112,0.474687,倖存者決策（暫存後）
Q4_W10_D64,1.0,3,3305.6,surv_comb,64,0.466514,0.471949,倖存者決策（組合，含 glitch）
Q4_W10_D64,1.0,3,3305.6,re,4096,0.410247,0.477555,register-exchange 暫存器
Q4_W10_D64,1.0,3,3305.6,best,6,0.466179,0.470968,min-PM 的 argmin 輸出
Q4_W10_D64,2.0,3,3305.6,in_r,8,0.466179,0.513088,通道軟值 r（解碼器的輸入）
Q4_W10_D64,2.0,3,3305.6,bm,20,0.466118,0.494155,分支度量 bm[4]
Q4_W10_D64,2.0,3,3305.6,pm,640,0.296017,0.500257,路徑度量 pm[64]（累加器）
Q4_W10_D64,2.0,3,3305.6,surv,64,0.461792,0.482179,倖存者決策（暫存後）
Q4_W10_D64,2.0,3,3305.6,surv_comb,64,0.462227,0.465544,倖存者決策（組合，含 glitch）
Q4_W10_D64,2.0,3,3305.6,re,4096,0.409324,0.480582,register-exchange 暫存器
Q4_W10_D64,2.0,3,3305.6,best,6,0.462649,0.460532,min-PM 的 argmin 輸出
Q4_W10_D64,3.0,3,3305.6,in_r,8,0.467842,0.49944,通道軟值 r（解碼器的輸入）
Q4_W10_D64,3.0,3,3305.6,bm,20,0.470096,0.492144,分支度量 bm[4]
Q4_W10_D64,3.0,3,3305.6,pm,640,0.300682,0.494105,路徑度量 pm[64]（累加器）
Q4_W10_D64,3.0,3,3305.6,surv,64,0.466382,0.483772,倖存者決策（暫存後）
Q4_W10_D64,3.0,3,3305.6,surv_comb,64,0.466911,0.470952,倖存者決策（組合，含 glitch）
Q4_W10_D64,3.0,3,3305.6,re,4096,0.416533,0.48601,register-exchange 暫存器
Q4_W10_D64,3.0,3,3305.6,best,6,0.471019,0.466229,min-PM 的 argmin 輸出
Q4_W10_D64,4.0,3,3305.6,in_r,8,0.466897,0.48456,通道軟值 r（解碼器的輸入）
Q4_W10_D64,4.0,3,3305.6,bm,20,0.464802,0.496814,分支度量 bm[4]
Q4_W10_D64,4.0,3,3305.6,pm,640,0.303171,0.495647,路徑度量 pm[64]（累加器）
Q4_W10_D64,4.0,3,3305.6,surv,64,0.462459,0.471733,倖存者決策（暫存後）
Q4_W10_D64,4.0,3,3305.6,surv_comb,64,0.462511,0.475334,倖存者決策（組合，含 glitch）
Q4_W10_D64,4.0,3,3305.6,re,4096,0.407875,0.478262,register-exchange 暫存器
Q4_W10_D64,4.0,3,3305.6,best,6,0.464464,0.46517,min-PM 的 argmin 輸出
Q4_W10_D64,5.0,3,3305.6,in_r,8,0.467842,0.500503,通道軟值 r（解碼器的輸入）
Q4_W10_D64,5.0,3,3305.6,bm,20,0.466527,0.498329,分支度量 bm[4]
Q4_W10_D64,5.0,3,3305.6,pm,640,0.306238,0.496149,路徑度量 pm[64]（累加器）
Q4_W10_D64,5.0,3,3305.6,surv,64,0.465928,0.487809,倖存者決策（暫存後）
Q4_W10_D64,5.0,3,3305.6,surv_comb,64,0.466566,0.470607,倖存者決策（組合，含 glitch）
Q4_W10_D64,5.0,3,3305.6,re,4096,0.418267,0.483485,register-exchange 暫存器
Q4_W10_D64,5.0,3,3305.6,best,6,0.476162,0.467086,min-PM 的 argmin 輸出
Q6_W12_D32,3.0,3,3209.6,in_r,12,0.485107,0.495153,通道軟值 r（解碼器的輸入）
Q6_W12_D32,3.0,3,3209.6,bm,28,0.48198,0.499907,分支度量 bm[4]
Q6_W12_D32,3.0,3,3209.6,pm,768,0.338351,0.497661,路徑度量 pm[64]（累加器）
Q6_W12_D32,3.0,3,3209.6,surv,64,0.484323,0.489586,倖存者決策（暫存後）
Q6_W12_D32,3.0,3,3209.6,surv_comb,64,0.484372,0.487701,倖存者決策（組合，含 glitch）
Q6_W12_D32,3.0,3,3209.6,re,2048,0.382669,0.479497,register-exchange 暫存器
Q6_W12_D32,3.0,3,3209.6,best,6,0.47306,0.470308,min-PM 的 argmin 輸出
Q6_W12_D64,3.0,3,3305.6,in_r,12,0.462775,0.493065,通道軟值 r（解碼器的輸入）
Q6_W12_D64,3.0,3,3305.6,bm,28,0.465952,0.497529,分支度量 bm[4]
Q6_W12_D64,3.0,3,3305.6,pm,768,0.329198,0.496073,路徑度量 pm[64]（累加器）
Q6_W12_D64,3.0,3,3305.6,surv,64,0.466259,0.491169,倖存者決策（暫存後）
Q6_W12_D64,3.0,3,3305.6,surv_comb,64,0.466524,0.485837,倖存者決策（組合，含 glitch）
Q6_W12_D64,3.0,3,3305.6,re,4096,0.406788,0.482726,register-exchange 暫存器
Q6_W12_D64,3.0,3,3305.6,best,6,0.462448,0.462095,min-PM 的 argmin 輸出
