Q,W,D,clip,power_gated,nf_db,p_circuit_mw,e_dec_pj_per_bit,model,env,eta_pa,dstar_m
3,8,32,2.0,True,3.0,20,240.9042,A,free_space,0.1,216.945
3,8,32,2.0,True,3.0,20,240.9042,A,indoor,0.1,21.63
3,8,32,2.0,True,3.0,20,240.9042,B,free_space,0.1,1988.575
3,8,32,2.0,True,3.0,20,240.9042,B,indoor,0.1,76.715
3,8,32,2.0,True,3.0,60,240.9042,A,free_space,0.1,216.945
3,8,32,2.0,True,3.0,60,240.9042,A,indoor,0.1,21.63
3,8,32,2.0,True,3.0,60,240.9042,B,free_space,0.1,3430.622
3,8,32,2.0,True,3.0,60,240.9042,B,indoor,0.1,104.764
3,8,32,2.0,True,3.0,120,240.9042,A,free_space,0.1,216.945
3,8,32,2.0,True,3.0,120,240.9042,A,indoor,0.1,21.63
3,8,32,2.0,True,3.0,120,240.9042,B,free_space,0.1,4846.779
3,8,32,2.0,True,3.0,120,240.9042,B,indoor,0.1,127.636
3,8,32,2.0,True,6.0,20,240.9042,A,free_space,0.1,153.585
3,8,32,2.0,True,6.0,20,240.9042,A,indoor,0.1,17.756
3,8,32,2.0,True,6.0,20,240.9042,B,free_space,0.1,1407.804
3,8,32,2.0,True,6.0,20,240.9042,B,indoor,0.1,62.975
3,8,32,2.0,True,6.0,60,240.9042,A,free_space,0.1,153.585
3,8,32,2.0,True,6.0,60,240.9042,A,indoor,0.1,17.756
3,8,32,2.0,True,6.0,60,240.9042,B,free_space,0.1,2428.694
3,8,32,2.0,True,6.0,60,240.9042,B,indoor,0.1,86.0
3,8,32,2.0,True,6.0,120,240.9042,A,free_space,0.1,153.585
3,8,32,2.0,True,6.0,120,240.9042,A,indoor,0.1,17.756
3,8,32,2.0,True,6.0,120,240.9042,B,free_space,0.1,3431.257
3,8,32,2.0,True,6.0,120,240.9042,B,indoor,0.1,104.775
3,8,32,2.0,True,10.0,20,240.9042,A,free_space,0.1,96.906
3,8,32,2.0,True,10.0,20,240.9042,A,indoor,0.1,13.648
3,8,32,2.0,True,10.0,20,240.9042,B,free_space,0.1,888.264
3,8,32,2.0,True,10.0,20,240.9042,B,indoor,0.1,48.404
3,8,32,2.0,True,10.0,60,240.9042,A,free_space,0.1,96.906
3,8,32,2.0,True,10.0,60,240.9042,A,indoor,0.1,13.648
3,8,32,2.0,True,10.0,60,240.9042,B,free_space,0.1,1532.403
3,8,32,2.0,True,10.0,60,240.9042,B,indoor,0.1,66.102
3,8,32,2.0,True,10.0,120,240.9042,A,free_space,0.1,96.906
3,8,32,2.0,True,10.0,120,240.9042,A,indoor,0.1,13.648
3,8,32,2.0,True,10.0,120,240.9042,B,free_space,0.1,2164.977
3,8,32,2.0,True,10.0,120,240.9042,B,indoor,0.1,80.533
3,8,32,2.0,False,3.0,20,241.032,A,free_space,0.1,217.002
3,8,32,2.0,False,3.0,20,241.032,A,indoor,0.1,21.633
3,8,32,2.0,False,3.0,20,241.032,B,free_space,0.1,1988.582
3,8,32,2.0,False,3.0,20,241.032,B,indoor,0.1,76.715
3,8,32,2.0,False,3.0,60,241.032,A,free_space,0.1,217.002
3,8,32,2.0,False,3.0,60,241.032,A,indoor,0.1,21.633
3,8,32,2.0,False,3.0,60,241.032,B,free_space,0.1,3430.626
3,8,32,2.0,False,3.0,60,241.032,B,indoor,0.1,104.764
3,8,32,2.0,False,3.0,120,241.032,A,free_space,0.1,217.002
3,8,32,2.0,False,3.0,120,241.032,A,indoor,0.1,21.633
3,8,32,2.0,False,3.0,120,241.032,B,free_space,0.1,4846.782
3,8,32,2.0,False,3.0,120,241.032,B,indoor,0.1,127.636
3,8,32,2.0,False,6.0,20,241.032,A,free_space,0.1,153.626
3,8,32,2.0,False,6.0,20,241.032,A,indoor,0.1,17.759
3,8,32,2.0,False,6.0,20,241.032,B,free_space,0.1,1407.808
3,8,32,2.0,False,6.0,20,241.032,B,indoor,0.1,62.975
3,8,32,2.0,False,6.0,60,241.032,A,free_space,0.1,153.626
3,8,32,2.0,False,6.0,60,241.032,A,indoor,0.1,17.759
3,8,32,2.0,False,6.0,60,241.032,B,free_space,0.1,2428.697
3,8,32,2.0,False,6.0,60,241.032,B,indoor,0.1,86.0
3,8,32,2.0,False,6.0,120,241.032,A,free_space,0.1,153.626
3,8,32,2.0,False,6.0,120,241.032,A,indoor,0.1,17.759
3,8,32,2.0,False,6.0,120,241.032,B,free_space,0.1,3431.259
3,8,32,2.0,False,6.0,120,241.032,B,indoor,0.1,104.775
3,8,32,2.0,False,10.0,20,241.032,A,free_space,0.1,96.931
3,8,32,2.0,False,10.0,20,241.032,A,indoor,0.1,13.65
3,8,32,2.0,False,10.0,20,241.032,B,free_space,0.1,888.267
3,8,32,2.0,False,10.0,20,241.032,B,indoor,0.1,48.404
3,8,32,2.0,False,10.0,60,241.032,A,free_space,0.1,96.931
3,8,32,2.0,False,10.0,60,241.032,A,indoor,0.1,13.65
3,8,32,2.0,False,10.0,60,241.032,B,free_space,0.1,1532.404
3,8,32,2.0,False,10.0,60,241.032,B,indoor,0.1,66.102
3,8,32,2.0,False,10.0,120,241.032,A,free_space,0.1,96.931
3,8,32,2.0,False,10.0,120,241.032,A,indoor,0.1,13.65
3,8,32,2.0,False,10.0,120,241.032,B,free_space,0.1,2164.978
3,8,32,2.0,False,10.0,120,241.032,B,indoor,0.1,80.533
4,10,64,2.5,True,3.0,20,440.773,A,free_space,0.1,291.074
4,10,64,2.5,True,3.0,20,440.773,A,indoor,0.1,25.586
4,10,64,2.5,True,3.0,20,440.773,B,free_space,0.1,1982.19
4,10,64,2.5,True,3.0,20,440.773,B,indoor,0.1,76.574
4,10,64,2.5,True,3.0,60,440.773,A,free_space,0.1,291.074
4,10,64,2.5,True,3.0,60,440.773,A,indoor,0.1,25.586
4,10,64,2.5,True,3.0,60,440.773,B,free_space,0.1,3408.486
4,10,64,2.5,True,3.0,60,440.773,B,indoor,0.1,104.377
4,10,64,2.5,True,3.0,120,440.773,A,free_space,0.1,291.074
4,10,64,2.5,True,3.0,120,440.773,A,indoor,0.1,25.586
4,10,64,2.5,True,3.0,120,440.773,B,free_space,0.1,4811.531
4,10,64,2.5,True,3.0,120,440.773,B,indoor,0.1,127.105
4,10,64,2.5,True,6.0,20,440.773,A,free_space,0.1,206.065
4,10,64,2.5,True,6.0,20,440.773,A,indoor,0.1,21.003
4,10,64,2.5,True,6.0,20,440.773,B,free_space,0.1,1403.283
4,10,64,2.5,True,6.0,20,440.773,B,indoor,0.1,62.859
4,10,64,2.5,True,6.0,60,440.773,A,free_space,0.1,206.065
4,10,64,2.5,True,6.0,60,440.773,A,indoor,0.1,21.003
4,10,64,2.5,True,6.0,60,440.773,B,free_space,0.1,2413.023
4,10,64,2.5,True,6.0,60,440.773,B,indoor,0.1,85.683
4,10,64,2.5,True,6.0,120,440.773,A,free_space,0.1,206.065
4,10,64,2.5,True,6.0,120,440.773,A,indoor,0.1,21.003
4,10,64,2.5,True,6.0,120,440.773,B,free_space,0.1,3406.303
4,10,64,2.5,True,6.0,120,440.773,B,indoor,0.1,104.339
4,10,64,2.5,True,10.0,20,440.773,A,free_space,0.1,130.018
4,10,64,2.5,True,10.0,20,440.773,A,indoor,0.1,16.144
4,10,64,2.5,True,10.0,20,440.773,B,free_space,0.1,885.412
4,10,64,2.5,True,10.0,20,440.773,B,indoor,0.1,48.315
4,10,64,2.5,True,10.0,60,440.773,A,free_space,0.1,130.018
4,10,64,2.5,True,10.0,60,440.773,A,indoor,0.1,16.144
4,10,64,2.5,True,10.0,60,440.773,B,free_space,0.1,1522.515
4,10,64,2.5,True,10.0,60,440.773,B,indoor,0.1,65.858
4,10,64,2.5,True,10.0,120,440.773,A,free_space,0.1,130.018
4,10,64,2.5,True,10.0,120,440.773,A,indoor,0.1,16.144
4,10,64,2.5,True,10.0,120,440.773,B,free_space,0.1,2149.232
4,10,64,2.5,True,10.0,120,440.773,B,indoor,0.1,80.198
4,10,64,2.5,False,3.0,20,440.9845,A,free_space,0.1,291.144
4,10,64,2.5,False,3.0,20,440.9845,A,indoor,0.1,25.59
4,10,64,2.5,False,3.0,20,440.9845,B,free_space,0.1,1982.2
4,10,64,2.5,False,3.0,20,440.9845,B,indoor,0.1,76.575
4,10,64,2.5,False,3.0,60,440.9845,A,free_space,0.1,291.144
4,10,64,2.5,False,3.0,60,440.9845,A,indoor,0.1,25.59
4,10,64,2.5,False,3.0,60,440.9845,B,free_space,0.1,3408.492
4,10,64,2.5,False,3.0,60,440.9845,B,indoor,0.1,104.378
4,10,64,2.5,False,3.0,120,440.9845,A,free_space,0.1,291.144
4,10,64,2.5,False,3.0,120,440.9845,A,indoor,0.1,25.59
4,10,64,2.5,False,3.0,120,440.9845,B,free_space,0.1,4811.535
4,10,64,2.5,False,3.0,120,440.9845,B,indoor,0.1,127.105
4,10,64,2.5,False,6.0,20,440.9845,A,free_space,0.1,206.114
4,10,64,2.5,False,6.0,20,440.9845,A,indoor,0.1,21.006
4,10,64,2.5,False,6.0,20,440.9845,B,free_space,0.1,1403.29
4,10,64,2.5,False,6.0,20,440.9845,B,indoor,0.1,62.859
4,10,64,2.5,False,6.0,60,440.9845,A,free_space,0.1,206.114
4,10,64,2.5,False,6.0,60,440.9845,A,indoor,0.1,21.006
4,10,64,2.5,False,6.0,60,440.9845,B,free_space,0.1,2413.028
4,10,64,2.5,False,6.0,60,440.9845,B,indoor,0.1,85.683
4,10,64,2.5,False,6.0,120,440.9845,A,free_space,0.1,206.114
4,10,64,2.5,False,6.0,120,440.9845,A,indoor,0.1,21.006
4,10,64,2.5,False,6.0,120,440.9845,B,free_space,0.1,3406.306
4,10,64,2.5,False,6.0,120,440.9845,B,indoor,0.1,104.339
4,10,64,2.5,False,10.0,20,440.9845,A,free_space,0.1,130.049
4,10,64,2.5,False,10.0,20,440.9845,A,indoor,0.1,16.146
4,10,64,2.5,False,10.0,20,440.9845,B,free_space,0.1,885.416
4,10,64,2.5,False,10.0,20,440.9845,B,indoor,0.1,48.315
4,10,64,2.5,False,10.0,60,440.9845,A,free_space,0.1,130.049
4,10,64,2.5,False,10.0,60,440.9845,A,indoor,0.1,16.146
4,10,64,2.5,False,10.0,60,440.9845,B,free_space,0.1,1522.517
4,10,64,2.5,False,10.0,60,440.9845,B,indoor,0.1,65.858
4,10,64,2.5,False,10.0,120,440.9845,A,free_space,0.1,130.049
4,10,64,2.5,False,10.0,120,440.9845,A,indoor,0.1,16.146
4,10,64,2.5,False,10.0,120,440.9845,B,free_space,0.1,2149.234
4,10,64,2.5,False,10.0,120,440.9845,B,indoor,0.1,80.198
6,12,32,3.0,True,3.0,20,303.207,A,free_space,0.1,241.448
6,12,32,3.0,True,3.0,20,303.207,A,indoor,0.1,22.994
6,12,32,3.0,True,3.0,20,303.207,B,free_space,0.1,1975.768
6,12,32,3.0,True,3.0,20,303.207,B,indoor,0.1,76.432
6,12,32,3.0,True,3.0,60,303.207,A,free_space,0.1,241.448
6,12,32,3.0,True,3.0,60,303.207,A,indoor,0.1,22.994
6,12,32,3.0,True,3.0,60,303.207,B,free_space,0.1,3405.053
6,12,32,3.0,True,3.0,60,303.207,B,indoor,0.1,104.317
6,12,32,3.0,True,3.0,120,303.207,A,free_space,0.1,241.448
6,12,32,3.0,True,3.0,120,303.207,A,indoor,0.1,22.994
6,12,32,3.0,True,3.0,120,303.207,B,free_space,0.1,4809.415
6,12,32,3.0,True,3.0,120,303.207,B,indoor,0.1,127.073
6,12,32,3.0,True,6.0,20,303.207,A,free_space,0.1,170.932
6,12,32,3.0,True,6.0,20,303.207,A,indoor,0.1,18.876
6,12,32,3.0,True,6.0,20,303.207,B,free_space,0.1,1398.737
6,12,32,3.0,True,6.0,20,303.207,B,indoor,0.1,62.743
6,12,32,3.0,True,6.0,60,303.207,A,free_space,0.1,170.932
6,12,32,3.0,True,6.0,60,303.207,A,indoor,0.1,18.876
6,12,32,3.0,True,6.0,60,303.207,B,free_space,0.1,2410.593
6,12,32,3.0,True,6.0,60,303.207,B,indoor,0.1,85.633
6,12,32,3.0,True,6.0,120,303.207,A,free_space,0.1,170.932
6,12,32,3.0,True,6.0,120,303.207,A,indoor,0.1,18.876
6,12,32,3.0,True,6.0,120,303.207,B,free_space,0.1,3404.805
6,12,32,3.0,True,6.0,120,303.207,B,indoor,0.1,104.313
6,12,32,3.0,True,10.0,20,303.207,A,free_space,0.1,107.851
6,12,32,3.0,True,10.0,20,303.207,A,indoor,0.1,14.508
6,12,32,3.0,True,10.0,20,303.207,B,free_space,0.1,882.543
6,12,32,3.0,True,10.0,20,303.207,B,indoor,0.1,48.226
6,12,32,3.0,True,10.0,60,303.207,A,free_space,0.1,107.851
6,12,32,3.0,True,10.0,60,303.207,A,indoor,0.1,14.508
6,12,32,3.0,True,10.0,60,303.207,B,free_space,0.1,1520.981
6,12,32,3.0,True,10.0,60,303.207,B,indoor,0.1,65.82
6,12,32,3.0,True,10.0,120,303.207,A,free_space,0.1,107.851
6,12,32,3.0,True,10.0,120,303.207,A,indoor,0.1,14.508
6,12,32,3.0,True,10.0,120,303.207,B,free_space,0.1,2148.287
6,12,32,3.0,True,10.0,120,303.207,B,indoor,0.1,80.178
6,12,32,3.0,False,3.0,20,303.3739,A,free_space,0.1,241.514
6,12,32,3.0,False,3.0,20,303.3739,A,indoor,0.1,22.998
6,12,32,3.0,False,3.0,20,303.3739,B,free_space,0.1,1975.776
6,12,32,3.0,False,3.0,20,303.3739,B,indoor,0.1,76.433
6,12,32,3.0,False,3.0,60,303.3739,A,free_space,0.1,241.514
6,12,32,3.0,False,3.0,60,303.3739,A,indoor,0.1,22.998
6,12,32,3.0,False,3.0,60,303.3739,B,free_space,0.1,3405.058
6,12,32,3.0,False,3.0,60,303.3739,B,indoor,0.1,104.317
6,12,32,3.0,False,3.0,120,303.3739,A,free_space,0.1,241.514
6,12,32,3.0,False,3.0,120,303.3739,A,indoor,0.1,22.998
6,12,32,3.0,False,3.0,120,303.3739,B,free_space,0.1,4809.418
6,12,32,3.0,False,3.0,120,303.3739,B,indoor,0.1,127.073
6,12,32,3.0,False,6.0,20,303.3739,A,free_space,0.1,170.979
6,12,32,3.0,False,6.0,20,303.3739,A,indoor,0.1,18.878
6,12,32,3.0,False,6.0,20,303.3739,B,free_space,0.1,1398.742
6,12,32,3.0,False,6.0,20,303.3739,B,indoor,0.1,62.743
6,12,32,3.0,False,6.0,60,303.3739,A,free_space,0.1,170.979
6,12,32,3.0,False,6.0,60,303.3739,A,indoor,0.1,18.878
6,12,32,3.0,False,6.0,60,303.3739,B,free_space,0.1,2410.596
6,12,32,3.0,False,6.0,60,303.3739,B,indoor,0.1,85.633
6,12,32,3.0,False,6.0,120,303.3739,A,free_space,0.1,170.979
6,12,32,3.0,False,6.0,120,303.3739,A,indoor,0.1,18.878
6,12,32,3.0,False,6.0,120,303.3739,B,free_space,0.1,3404.807
6,12,32,3.0,False,6.0,120,303.3739,B,indoor,0.1,104.313
6,12,32,3.0,False,10.0,20,303.3739,A,free_space,0.1,107.88
6,12,32,3.0,False,10.0,20,303.3739,A,indoor,0.1,14.51
6,12,32,3.0,False,10.0,20,303.3739,B,free_space,0.1,882.547
6,12,32,3.0,False,10.0,20,303.3739,B,indoor,0.1,48.226
6,12,32,3.0,False,10.0,60,303.3739,A,free_space,0.1,107.88
6,12,32,3.0,False,10.0,60,303.3739,A,indoor,0.1,14.51
6,12,32,3.0,False,10.0,60,303.3739,B,free_space,0.1,1520.983
6,12,32,3.0,False,10.0,60,303.3739,B,indoor,0.1,65.82
6,12,32,3.0,False,10.0,120,303.3739,A,free_space,0.1,107.88
6,12,32,3.0,False,10.0,120,303.3739,A,indoor,0.1,14.51
6,12,32,3.0,False,10.0,120,303.3739,B,free_space,0.1,2148.288
6,12,32,3.0,False,10.0,120,303.3739,B,indoor,0.1,80.178
6,12,64,3.0,True,3.0,20,469.6431,A,free_space,0.1,299.914
6,12,64,3.0,True,3.0,20,469.6431,A,indoor,0.1,26.027
6,12,64,3.0,True,3.0,20,469.6431,B,free_space,0.1,1980.009
6,12,64,3.0,True,3.0,20,469.6431,B,indoor,0.1,76.526
6,12,64,3.0,True,3.0,60,469.6431,A,free_space,0.1,299.914
6,12,64,3.0,True,3.0,60,469.6431,A,indoor,0.1,26.027
6,12,64,3.0,True,3.0,60,469.6431,B,free_space,0.1,3403.148
6,12,64,3.0,True,3.0,60,469.6431,B,indoor,0.1,104.284
6,12,64,3.0,True,3.0,120,469.6431,A,free_space,0.1,299.914
6,12,64,3.0,True,3.0,120,469.6431,A,indoor,0.1,26.027
6,12,64,3.0,True,3.0,120,469.6431,B,free_space,0.1,4803.424
6,12,64,3.0,True,3.0,120,469.6431,B,indoor,0.1,126.982
6,12,64,3.0,True,6.0,20,469.6431,A,free_space,0.1,212.323
6,12,64,3.0,True,6.0,20,469.6431,A,indoor,0.1,21.365
6,12,64,3.0,True,6.0,20,469.6431,B,free_space,0.1,1401.739
6,12,64,3.0,True,6.0,20,469.6431,B,indoor,0.1,62.82
6,12,64,3.0,True,6.0,60,469.6431,A,free_space,0.1,212.323
6,12,64,3.0,True,6.0,60,469.6431,A,indoor,0.1,21.365
6,12,64,3.0,True,6.0,60,469.6431,B,free_space,0.1,2409.244
6,12,64,3.0,True,6.0,60,469.6431,B,indoor,0.1,85.606
6,12,64,3.0,True,6.0,120,469.6431,A,free_space,0.1,212.323
6,12,64,3.0,True,6.0,120,469.6431,A,indoor,0.1,21.365
6,12,64,3.0,True,6.0,120,469.6431,B,free_space,0.1,3400.564
6,12,64,3.0,True,6.0,120,469.6431,B,indoor,0.1,104.239
6,12,64,3.0,True,10.0,20,469.6431,A,free_space,0.1,133.966
6,12,64,3.0,True,10.0,20,469.6431,A,indoor,0.1,16.422
6,12,64,3.0,True,10.0,20,469.6431,B,free_space,0.1,884.438
6,12,64,3.0,True,10.0,20,469.6431,B,indoor,0.1,48.285
6,12,64,3.0,True,10.0,60,469.6431,A,free_space,0.1,133.966
6,12,64,3.0,True,10.0,60,469.6431,A,indoor,0.1,16.422
6,12,64,3.0,True,10.0,60,469.6431,B,free_space,0.1,1520.13
6,12,64,3.0,True,10.0,60,469.6431,B,indoor,0.1,65.799
6,12,64,3.0,True,10.0,120,469.6431,A,free_space,0.1,133.966
6,12,64,3.0,True,10.0,120,469.6431,A,indoor,0.1,16.422
6,12,64,3.0,True,10.0,120,469.6431,B,free_space,0.1,2145.611
6,12,64,3.0,True,10.0,120,469.6431,B,indoor,0.1,80.12
6,12,64,3.0,False,3.0,20,469.875,A,free_space,0.1,299.988
6,12,64,3.0,False,3.0,20,469.875,A,indoor,0.1,26.031
6,12,64,3.0,False,3.0,20,469.875,B,free_space,0.1,1980.021
6,12,64,3.0,False,3.0,20,469.875,B,indoor,0.1,76.526
6,12,64,3.0,False,3.0,60,469.875,A,free_space,0.1,299.988
6,12,64,3.0,False,3.0,60,469.875,A,indoor,0.1,26.031
6,12,64,3.0,False,3.0,60,469.875,B,free_space,0.1,3403.155
6,12,64,3.0,False,3.0,60,469.875,B,indoor,0.1,104.284
6,12,64,3.0,False,3.0,120,469.875,A,free_space,0.1,299.988
6,12,64,3.0,False,3.0,120,469.875,A,indoor,0.1,26.031
6,12,64,3.0,False,3.0,120,469.875,B,free_space,0.1,4803.429
6,12,64,3.0,False,3.0,120,469.875,B,indoor,0.1,126.982
6,12,64,3.0,False,6.0,20,469.875,A,free_space,0.1,212.375
6,12,64,3.0,False,6.0,20,469.875,A,indoor,0.1,21.368
6,12,64,3.0,False,6.0,20,469.875,B,free_space,0.1,1401.747
6,12,64,3.0,False,6.0,20,469.875,B,indoor,0.1,62.82
6,12,64,3.0,False,6.0,60,469.875,A,free_space,0.1,212.375
6,12,64,3.0,False,6.0,60,469.875,A,indoor,0.1,21.368
6,12,64,3.0,False,6.0,60,469.875,B,free_space,0.1,2409.249
6,12,64,3.0,False,6.0,60,469.875,B,indoor,0.1,85.606
6,12,64,3.0,False,6.0,120,469.875,A,free_space,0.1,212.375
6,12,64,3.0,False,6.0,120,469.875,A,indoor,0.1,21.368
6,12,64,3.0,False,6.0,120,469.875,B,free_space,0.1,3400.567
6,12,64,3.0,False,6.0,120,469.875,B,indoor,0.1,104.239
6,12,64,3.0,False,10.0,20,469.875,A,free_space,0.1,134.0
6,12,64,3.0,False,10.0,20,469.875,A,indoor,0.1,16.424
6,12,64,3.0,False,10.0,20,469.875,B,free_space,0.1,884.443
6,12,64,3.0,False,10.0,20,469.875,B,indoor,0.1,48.285
6,12,64,3.0,False,10.0,60,469.875,A,free_space,0.1,134.0
6,12,64,3.0,False,10.0,60,469.875,A,indoor,0.1,16.424
6,12,64,3.0,False,10.0,60,469.875,B,free_space,0.1,1520.133
6,12,64,3.0,False,10.0,60,469.875,B,indoor,0.1,65.799
6,12,64,3.0,False,10.0,120,469.875,A,free_space,0.1,134.0
6,12,64,3.0,False,10.0,120,469.875,A,indoor,0.1,16.424
6,12,64,3.0,False,10.0,120,469.875,B,free_space,0.1,2145.613
6,12,64,3.0,False,10.0,120,469.875,B,indoor,0.1,80.12
